number_of_samples,date,time_start,time_end,GG_N,MM_N,SS_N,GG_E,MM_E,SS_E,lat,lon,val,standard,sampling_site,cluster
84,01.06.2020,15:35,15:39,69,28,"8,8",87,56,"0,3","69,4691111","87,9334167",1284,"0,05","Река Амбарная, выше установленных бон: т.1, тара № 33, 5 м от левого берега",1
85,01.06.2020,15:43,15:50,69,28,"10,2",87,56,"1,7","69,4695000","87,9338056",502,"0,05","Река Амбарная, выше установленных бон: т.2, тара № 5, на стрежне",1
86,01.06.2020,15:53,15:58,69,28,"11,4",87,56,"2,3","69,4698333","87,9339722",4175,"0,05","Река Амбарная, выше установленных бон: т.3, тара № 36, 5 м от правого берега",1
87,01.06.2020,16:00,16:07,69,28,"10,3",87,55,"58,1","69,4695278","87,9328056","3,8","0,05","Река Амбарная, ниже установленных бон: т.4, тара № 43, 5 м от левого берега",2
88,01.06.2020,16:09,16:15,69,28,"11,1",87,55,"59,9","69,4697500","87,9333056","49,3","0,05","Река Амбарная, ниже установленных бон: т.5, тара № 9, на стрежне",2
89,01.06.2020,16:18,16:22,69,28,"11,7",87,56,"1,7","69,4699167","87,9338056",28,"0,05","Река Амбарная, ниже установленных бон: т.6, тара № 6, 5 м от правого берега",2
90,01.06.2020,16:41,16:49,69,28,"42,7",87,55,"18,6","69,4785278","87,9218333","3,8","0,05","Река Амбарная, устье: т.7, тара № 23, 5 м от левого берега",3
91,01.06.2020,16:53,16:57,69,28,42,87,55,"20,9","69,4783333","87,9224722","3,3","0,05","Река Амбарная, устье: т.8, тара № 1, на стрежне",3
92,01.06.2020,17:02,17:10,69,28,"41,6",87,55,"22,9","69,4782222","87,9230278","12,7","0,05","Река Амбарная, устье: т.9, тара № 8, 5 м от правого берега",3
93,01.06.2020,20:16,20:23,69,29,"2,2",87,55,"50,7","69,4839444","87,9307500","3,1","0,05","Озеро Пясино, в месте впадения реки Амбарная: т.10, тара № 12, 500 м по левому берегу от места впадения",4
94,01.06.2020,19:50,19:57,69,28,"45,2",87,55,"38,1","69,4792222","87,9272500","4,2","0,05","Озеро Пясино, в месте впадения реки Амбарная: т.11, тара № 39, в месте впадения",4
95,01.06.2020,20:02,20:11,69,28,"41,2",87,56,"22,8","69,4781111","87,9396667","0,27","0,05","Озеро Пясино, в месте впадения реки Амбарная: т.12, тара № 33, 500 м по правому берегу от места впадения",4
96,01.06.2020,21:02,21:06,69,34,"41,3",87,56,"26,7","69,5781389","87,9407500","0,05","0,05","Озеро Пясино: т.13, тара № 19, левый борт",5
97,01.06.2020,20:53,20:59,69,34,"52,2",87,57,"4,2","69,5811667","87,9511667","0,11","0,05","Озеро Пясино: т.14, тара № 18, середина",5
98,01.06.2020,21:10,21:15,69,35,"2,6",87,57,"45,7","69,5840556","87,9626944","0,1","0,05","Озеро Пясино: т.15, тара № 10, правый борт",5
99,01.06.2020,21:51,21:58,69,26,"28,2",88,12,45,"69,4411667","88,2125000","0,12","0,05","Река Норильская, устье: т.16, тара № 20, 5 м от левого берега",6
100,01.06.2020,21:43,21:48,69,26,"34,5",88,13,"5,2","69,4429167","88,2181111","0,12","0,05","Река Норильская, устье: т.17, тара № 15, на стрежне",6
101,01.06.2020,21:35,21:40,69,26,"37,4",88,13,"18,8","69,4437222","88,2218889","0,08","0,05","Река Норильская, устье: т.18, тара № 13, 5 м от правого берега",6
116,02.06.2020,16:27,16:37,69,28,"18,6",87,55,"36,1","69,4718333","87,9266944","9,98","0,05","т.1 Река Амбарная, ниже установленных бон, 7 м от левого берега",7
117,02.06.2020,16:40,16:48,69,28,"19,9",87,55,"36,7","69,4721944","87,9268611","3,24","0,05","т.2 Река Амбарная, ниже установленных, на стрежне",7
118,02.06.2020,16:54,17:06,69,28,"20,1",87,55,"40,8","69,4722500","87,9280000","2,73","0,05","т.3 Река Амбарная, ниже установленных бон, 7 м от правого берега",7
119,03.06.2020,10:46,10:55,69,28,"18,6",87,55,"36,1","69,4718333","87,9266944","2,25","0,05","т.1 Река Амбарная, ниже установленных бон, 7 м от левого берега",8
120,03.06.2020,10:58,11:05,69,28,"19,9",87,55,"36,7","69,4721944","87,9268611","2,53","0,05","т.2 Река Амбарная, ниже установленных бон, на стрежне",8
121,03.06.2020,11:09,11:17,69,28,"20,1",87,55,"40,8","69,4722500","87,9280000","2,52","0,05","т.3 Река Амбарная, ниже установленных бон, 7 м от правого берега",8
122,03.06.2020,12:33,12:43,70,3,"50,2",88,4,"2,9","70,0639444","88,0674722","0,04","0,05",т.4 Исток реки Пясины,9
112,04.06.2020,19:23,19:32,69,28,"42,7",87,55,"18,7","69,4785278","87,9218611","3,19","0,05","т. 5 Река Амбарная, ниже установленных бон, 7 м от левого берега",10
113,04.06.2020,19:35,19:41,69,28,"42,2",87,55,"19,9","69,4783889","87,9221944","4,57","0,05","т. 6 Река Амбарная, ниже установленных бон, на стрежне",10
114,04.06.2020,19:42,19:51,69,28,"41,2",87,55,"21,6","69,4781111","87,9226667","4,56","0,05","т. 7 Река Амбарная, ниже установленных бон. 7 м от правого берега",10
115,04.06.2020,20:28,20:32,69,28,"10,8",87,56,"1,9","69,4696667","87,9338611","8,96","0,05","т. Река Амбарная, выше установленных бон, на стрежне",11
123,05.06.2020,11:12,11:20,69,28,"11,4",87,56,"3,1","69,4698333","87,9341944","1,96","0,05","т.1 Река Амбарная, выше установленных бонов первого уровня в районе лагеря ликвидации разлива, 5 м от правого берега",12
124,05.06.2020,11:23,11:30,69,28,"9,4",87,56,"1,9","69,4692778","87,9338611","1,53","0,05","т.2 Река Амбарная, выше установленных бонов первого уровня в районе лагеря ликвидации разлива, на стрежне",12
125,05.06.2020,11:33,11:39,69,28,"7,9",87,56,"0,7","69,4688611","87,9335278","2,64","0,05","т.3 Река Амбарная, выше установленных бонов первого уровня в районе лагеря ликвидации разлива, 5 м от левого берега",12
126,05.06.2020,11:44,11:50,69,28,"8,2",87,56,"0,7","69,4689444","87,9335278","3,54","0,05","т.4 Река Амбарная, ниже установленных бонов первого уровня в районе лагеря ликвидации разлива, 5 м от левого берега",
127,05.06.2020,11:57,12:05,69,28,"9,5",87,56,"1,5","69,4693056","87,9337500","1,35","0,05","т.5 Река Амбарная, ниже установленных бонов первого уровня в районе лагеря ликвидации разлива, на стрежне",
128,05.06.2020,12:21,12:29,69,28,"11,2",87,56,"2,3","69,4697778","87,9339722","1,98","0,05","п.6 Река Амбарная, ниже установленных бонов первого уровня в районе лагеря ликвидации разлива: т.6, тара № 86, 5 м от правого берега",
129,05.06.2020,12:10,12:17,69,28,"9,5",87,56,"1,5","69,4693056","87,9337500","1,3","0,05","п.5 Река Амбарная, ниже установленных бонов первого уровня в районе лагеря ликвидации разлива на стрежне (глубина отбора 1 м)",
130,05.06.2020,12:36,12:43,69,28,"11,2",87,56,"2,3","69,4697778","87,9339722","1,85","0,05","т.6 Река Амбарная, ниже установленных бонов первого уровня в районе лагеря ликвидации разлива 5 м от правого берега (глубина отбора 1м)",
131,05.06.2020,12:52,13:01,69,28,13,87,55,"49,2","69,4702778","87,9303333","3,42","0,05","т.7 Река Амбарная, ниже установленных бонов третьего уровня в районе лагеря ликвидации разлива, 5 м от левого берега",
132,05.06.2020,13:09,13:15,69,28,"13,6",87,55,"50,2","69,4704444","87,9306111","2,14","0,05","т.8 Река Амбарная, ниже установленных бонов третьего уровня в районе лагеря ликвидации разлива, на стрежне",
133,05.06.2020,13:21,13:27,69,28,"14,3",87,55,"52,6","69,4706389","87,9312778","1,63","0,05","т. 9 Река Амбарная, ниже установленных бонов третьего уровня в районе лагеря ликвидации разлива, 5 м от правого берега",
134,05.06.2020,13:36,13:44,69,28,"15,7",87,55,"49,1","69,4710278","87,9303056","1,88","0,05","т. 10 Река Амбарная, ниже установленных бонов четвертого уровня в районе лагеря ликвидации разлива: т.10, тара № 91, 5 м от правого берега",
135,05.06.2020,13:50,13:56,69,28,"14,2",87,55,"48,1","69,4706111","87,9300278","2,05","0,05","т.11 Река Амбарная, ниже установленных бонов четвертого уровня в районе лагеря ликвидации разлива, 5 м от левого берега",
136,05.06.2020,14:03,14:09,69,28,"13,4",87,55,"48,1","69,4703889","87,9300278","1,69","0,05","т.12 Река Амбарная, ниже установленных бонов четвертого уровня в районе лагеря ликвидации разлива, 5 м от левого берега",
137,05.06.2020,14:14,14:20,69,28,"17,9",87,55,"38,7","69,4716389","87,9274167","1,74","0,05","т.13 Река Амбарная, ниже установленных бонов пятого уровня в районе лагеря ликвидации разлива, 1 м от левого берега",
138,05.06.2020,14:25,14:30,69,28,"18,7",87,55,"40,6","69,4718611","87,9279444","1,29","0,05","т. 14 Река Амбарная, ниже установленных бонов пятого уровня в районе лагеря ликвидации разлива, на стрежне",
139,05.06.2020,14:34,14:39,69,28,19,87,55,"42,7","69,4719444","87,9285278","1,23","0,05","т.15 Река Амбарная, ниже установленных бонов пятого уровня в районе лагеря ликвидации разлива, 5 м от правого берега",
140,05.06.2020,14:57,15:03,69,27,"8,4",87,56,"16,2","69,4523333","87,9378333",31926,"0,05","т.16 Притока реки Амбарная, с правого берега, выше по течению от бонов первого уровня, установленных в районе лагеря ликвидации разлива , на стрежне",
141,06.06.2020,10:28,10:46,69,20,"25,8",87,52,"3,8","69,3405000","87,8677222","0,05","0,05","т. 1 Река Далдыкан, 500 м выше места впадения ручья Безымянный",
142,06.06.2020,11:06,11:27,69,20,"40,1",87,51,"46,1","69,3444722","87,8628056","0,08","0,05","т. 2 Река Далдыкан, в месте впадения ручья Безымянный",
143,06.06.2020,11:49,12:03,69,28,19,87,55,"52,4","69,4719444","87,9312222","0,05","0,05","т. 3 Река Амбарная, в районе лагеря ликвидации аварийного разлива нефти в правой протоке, с левой стороны бона",
144,06.06.2020,12:05,12:22,69,28,"19,1",87,55,"52,9","69,4719722","87,9313611","0,16","0,05","т. 4 Река Амбарная, в районе лагеря ликвидации аварийного разлива нефти в правой протоке, с правой стороны бона",
145,07.06.2020,10:45,11:04,69,20,"34,1",87,51,"50,1","69,3428056","87,8639167","1,93","0,05","т. 1 Река Далдыкан, выше места впадения ручья Безымянный",
146,07.06.2020,11:20,11:36,69,20,"44,3",87,51,"25,1","69,3456389","87,8569722","0,78","0,05","т. 2 Река Далдыкан, в месте впадения ручья Безымянный",
147,07.06.2020,11:53,12:04,69,28,"19,5",87,55,"50,7","69,4720833","87,9307500","0,02","0,05","т. 3 Река Амбарная, в районе лагеря ликвидации аварийного разлива нефти в правой протоке",
148,07.06.2020,12:11,12:25,69,28,"39,9",87,55,"21,9","69,4777500","87,9227500","0,09","0,05","т. 4 Река Амбарная, ниже последней линии бонов, 2 м от правого берега",
149,07.06.2020,12:34,12:51,69,28,"42,8",87,55,"15,9","69,4785556","87,9210833","0,6","0,05","т. 5 Река Амбарная, ниже последней линии бонов, 2 м от левого берега",
150,07.06.2020,13:31,13:47,70,3,"49,9",88,4,"3,3","70,0638611","88,0675833","0,06","0,05","т. 6 Река Пясина, исток",
151,07.06.2020,15:20,15:36,69,28,"11,5",87,56,"4,2","69,4698611","87,9345000","3,1","0,05","т. 7 Река Амбарная, в районе лагеря ликвидации аварийного разлива нефти перед установленным двойным боном",
152,07.06.2020,15:42,15:56,69,28,"14,1",87,55,"55,4","69,4705833","87,9320556","4,9","0,05","т. 8 Река Амбарная, в районе лагеря ликвидации аварийного разлива нефти перед установленным боном",
153,07.06.2020,16:17,16:29,69,26,"52,7",87,54,"53,2","69,4479722","87,9147778","54,9","0,05","т. 9 Река Амбарная, 2500 м в верх по течению от лагеря ликвидации аварийного разлива нефти, перед первой линией установленных бонов, 2 м от правого берега",
154,07.06.2020,16:35,16:47,69,25,"0,3",87,50,45,"69,4167500","87,8458333","8,3","0,05","т. 10 Река Амбарная, левый приток",
155,08.06.2020,10:34,10:42,69,20,"34,1",87,51,"50,1","69,3428056","87,8639167",0,"0,05","т. 1 Река Далдыкан, выше места впадения ручья Безымянный",
156,08.06.2020,10:52,11:01,69,20,"37,2",87,52,"1,1","69,3436667","87,8669722",0,"0,05","т. 2 Ручей Безымянный, выше месте впадения в реку Далдыкан",
157,08.06.2020,11:11,11:19,69,20,"50,9",87,51,8,"69,3474722","87,8522222",0,"0,05","т. 3 Река Далдыкан, ниже места впадения ручья Безымянный",
158,08.06.2020,11:36,11:47,69,23,"55,6",87,47,"17,1","69,3987778","87,7880833",0,"0,05","т. 4 Река Далдыкан, выше места впадения в реку Амбарная",
159,08.06.2020,11:53,12:01,69,24,"0,6",87,47,"12,2","69,4001667","87,7867222","1,19","0,05","т. 5 Река Амбарная, ниже места впадения реки Далдыкан",
160,08.06.2020,12:17,12:23,69,25,"9,4",87,53,"13,9","69,4192778","87,8871944","1,21","0,05","т. 6 Река Амбарная, правый приток, выше установленных бонов",
161,08.06.2020,12:25,12:32,69,25,"9,6",87,53,"13,2","69,4193333","87,8870000","0,41","0,05","т. 7 Река Амбарная, правый приток, ниже установленных бонов",
162,08.06.2020,12:49,12:54,69,26,"17,6",87,53,59,"69,4382222","87,8997222",810000,"0,05","т. 8 Река Амбарная, левая протока, выше установленных бонов",
163,08.06.2020,13:02,13:09,69,26,"17,7",87,53,"58,7","69,4382500","87,8996389",0,"0,05","т. 9 Река Амбарная, левая протока, ниже установленных бонов",
164,08.06.2020,13:16,13:24,69,26,21,87,53,"59,5","69,4391667","87,8998611",810000,"0,05","т. 10 Река Амбарная, заводь на левом берегу, выше установленных бонов",
165,08.06.2020,13:27,13:34,69,26,"20,6",87,54,"0,7","69,4390556","87,9001944",618857,"0,05","т. 11 Река Амбарная, заводь на левом берегу, ниже установленных бонов",
166,08.06.2020,14:21,14:32,69,28,"19,5",87,55,"51,4","69,4720833","87,9309444","2,86","0,05","т. 12 Река Амбарная, в районе лагеря ликвидации аварийного разлива нефти в правой протоке",
167,08.06.2020,14:38,14:49,69,28,"19,2",87,55,"44,3","69,4720000","87,9289722","0,57","0,05","т. 13 Река Амбарная, в районе лагеря ликвидации аварийного разлива нефти, перед установленным боном",
168,08.06.2020,15:31,15:42,70,3,50,88,4,"3,3","70,0638889","88,0675833","0,27","0,05","т. 14 Река Пясина, исток",
169,08.06.2020,15:55,16:12,70,5,22,88,16,"25,1","70,0894444","88,2736389","0,14","0,05","т. 15 Река Пясина, 8 км ниже по течению истока",
170,08.06.2020,16:12,16:15,69,26,3,87,54,"33,2","69,4341667","87,9092222","0,93","0,05","т. 1 Река Амбарная, 2 км выше по течению от первой линии установленных бон, правого рукава реки; 7 м от левого берега;",
171,08.06.2020,16:17,16:22,69,26,"3,5",87,54,"34,9","69,4343056","87,9096944",83,"0,05","т. 2 Река Амбарная, 2 км выше по течению от первой линии установленных бон, правого рукава реки; на стрежне",
172,08.06.2020,16:25,16:31,69,26,"4,1",87,54,"37,9","69,4344722","87,9105278",27,"0,05","т. 3 Река Амбарная, 2 км выше по течению от первой линии установленных бон, правого рукава реки; 7 м от правого берега",
173,08.06.2020,16:40,16:44,69,26,"56,1",87,55,"9,4","69,4489167","87,9192778",5993,"0,05","т. 4 Река Амбарная, правый рукав, ниже установленных бон первой линии, 7 м от левого берега",
174,08.06.2020,16:47,16:50,69,26,56,87,55,"12,3","69,4488889","87,9200833",6381,"0,05","т. 5 Река Амбарная, правый рукав, ниже установленных бон первой линии, на стрежне",
175,08.06.2020,16:54,17:00,69,26,"55,8",87,55,"13,9","69,4488333","87,9205278",7536,"0,05","т. 6 Река Амбарная, правый рукав, ниже установленных бон первой линии, 7 м от правого берега",
176,08.06.2020,17:36,17:38,69,28,"15,4",87,55,"43,1","69,4709444","87,9286389","0,89","0,05","т. 7 Река Амбарная, в районе лагеря ликвидации аварийного разлива нефти, выше последней линии установленных бон, 7 м от левого берега",
177,08.06.2020,17:40,17:43,69,28,16,87,55,"44,6","69,4711111","87,9290556","0,31","0,05","т. 8 Река Амбарная, в районе лагеря ликвидации аварийного разлива нефти, выше последней линии установленных бон, на стрежне",
178,08.06.2020,17:45,17:49,69,28,"16,9",87,55,"49,3","69,4713611","87,9303611","0,73","0,05","т. 9 Река Амбарная, в районе лагеря ликвидации аварийного разлива нефти, выше последней линии установленных бон, от правого берега",
179,08.06.2020,17:51,17:53,69,28,"18,8",87,55,"35,6","69,4718889","87,9265556","0,75","0,05","т. 10 Река Амбарная, в районе лагеря ликвидации аварийного разлива нефти, ниже последней линии установленных бон, 7 м от левого берега",
180,08.06.2020,17:54,17:56,69,28,"19,4",87,55,"37,9","69,4720556","87,9271944","0,52","0,05","т. 11 Река Амбарная, в районе лагеря ликвидации аварийного разлива нефти, ниже последней линии установленных бон, на стрежне",
181,08.06.2020,17:57,18:00,69,28,"19,4",87,55,"37,9","69,4720556","87,9271944","0,86","0,05","т. 12 Река Амбарная, в районе лагеря ликвидации аварийного разлива нефти, ниже последней линии установленных бон, на стрежне, глубина отбора 1,0 м",
182,08.06.2020,18:01,18:04,69,28,"19,9",87,55,"41,5","69,4721944","87,9281944","0,44","0,05","т. 13 Река Амбарная, в районе лагеря ликвидации аварийного разлива нефти, ниже последней линии установленных бон, 7 м от правого берега",
183,08.06.2020,18:08,18:13,69,28,"23,8",87,55,"18,2","69,4732778","87,9217222","0,65","0,05","т. 14 Река Амбарная, в районе лагеря ликвидации аварийного разлива нефти, левый приток, 250 м ниже последней линии установленных бон,",
184,08.06.2020,19:08,19:14,69,34,"54,6",87,49,5,"69,5818333","87,8180556","0,02","0,05","т. 15 Озеро Пясино, 2,5 км от левого берега",
185,08.06.2020,19:26,19:30,69,34,"48,4",87,53,"49,6","69,5801111","87,8971111","0,018","0,05","т. 16 Озеро Пясино, середина",
186,08.06.2020,19:38,19:47,69,34,"26,3",87,57,"59,8","69,5739722","87,9666111","0,02","0,05","т. 17 Озеро Пясино, 2,5 км от правого берега",
187,09.06.2020,15:10,15:19,69,36,"35,2",87,48,"0,7","69,6097778","87,8001944","0,4","0,05","т.1 озеро Пясино, левый берег, 12 км от устья реки Амбарная",
188,09.06.2020,15:30,15:36,69,39,"11,5",87,46,50,"69,6531944","87,7805556","0,13","0,05","т.2 озеро Пясино, 16,7 км от устья реки Амбарная, левый берег",
189,09.06.2020,15:40,15:47,69,39,"39,2",87,51,"49,1","69,6608889","87,8636389","0,19","0,05","т.3 озеро Пясино, 16,7 км от устья реки Амбарная, на стрежне",
190,09.06.2020,15:54,15:58,69,40,20,87,58,"5,3","69,6722222","87,9681389","0,19","0,05","т.4 озеро Пясино, 16,7 км от устья реки Амбарная, правый берег",
191,09.06.2020,16:06,16:12,69,44,22,87,52,"11,6","69,7394444","87,8698889","0,2","0,05","т.5 озеро Пясино, 25 км от устья реки Амбарная, правый берег",
192,09.06.2020,16:18,16:23,69,44,"10,5",87,51,"16,7","69,7362500","87,8546389","0,18","0,05","т.6 озеро Пясино, 25 км от устья реки Амбарная, на стрежне",
193,09.06.2020,16:26,16:30,69,43,"51,6",87,48,"23,5","69,7310000","87,8065278","0,18","0,05","т.7 озеро Пясино, 25 км от устья реки Амбарная, левый берег",
194,09.06.2020,16:49,16:51,69,48,"15,1",87,40,"12,7","69,8041944","87,6701944","0,14","0,05","т.8 озеро Пясино, 35 км от устья реки Амбарная, левый берег",
195,09.06.2020,16:54,16:58,69,48,"33,3",87,42,"52,1","69,8092500","87,7144722","0,19","0,05","т.9 озеро Пясино, 35 км от устья реки Амбарная, на стрежне",
196,09.06.2020,17:00,17:04,69,48,"50,8",87,45,"1,9","69,8141111","87,7505278","0,14","0,05","т.10 озеро Пясино, 35 км от устья реки Амбарная, правый берег",
197,09.06.2020,17:23,17:28,69,56,"14,9",87,37,"26,6","69,9374722","87,6240556","0,12","0,05","т.11 озеро Пясино, 51 км от устья реки Амбарная, правый берег",
198,09.06.2020,17:32,17:36,69,57,"9,2",87,34,"5,9","69,9525556","87,5683056","0,13","0,05","т.12 озеро Пясино, 51 км от устья реки Амбарная, на стрежне",
199,09.06.2020,17:40,17:46,69,57,"49,8",87,31,"49,4","69,9638333","87,5303889","0,11","0,05","т.13 озеро Пясино, 51 км от устья реки Амбарная, левый берег",
200,09.06.2020,17:58,18:07,70,0,"33,5",87,48,"53,1","70,0093056","87,8147500","0,11","0,05","т.14 озеро Пясино, 63 км от устья реки Амбарная, на стрежне",
201,09.06.2020,18:24,18:30,70,1,"27,2",87,45,"45,2","70,0242222","87,7625556","0,14","0,05","т.15 озеро Пясино, 63 км от устья реки Амбарная, левый берег",
202,09.06.2020,18:39,18:44,69,58,52,87,49,"20,1","69,9811111","87,8222500","0,09","0,05","т.16 озеро Пясино, 63 км от устья реки Амбарная, правый берег",
203,09.06.2020,18:59,19:04,69,57,"35,8",87,43,"2,2","69,9599444","87,7172778","0,05","0,05","т.17 озеро Пясино, 63 км от устья реки Амбарная, 56 км от устья реки Амбарная, правый берег, у кромки льда",
204,09.06.2020,19:10,19:14,69,57,"17,9",87,41,"57,1","69,9549722","87,6991944","0,05","0,05","т.18 озеро Пясино, 63 км от устья реки Амбарная, 57 км от устья реки Амбарная, правый берег, у кромки льда",
205,09.06.2020,11:00,11:12,69,20,"31,4",87,51,50,"69,3420556","87,8638889","18,2","0,05","т.1 река Далдыкан, выше места впадения ручья Безымянный",
206,09.06.2020,11:19,11:27,69,20,"37,7",87,52,"2,2","69,3438056","87,8672778","19,3","0,05","т.2 ручей Безымянный, выше места впадения в реку Далдыкан",
207,09.06.2020,11:35,11:44,69,20,"40,5",87,51,"46,4","69,3445833","87,8628889","9,7","0,05","т.3 река Далдыкан, в месте впадения ручья Безымянный",
208,09.06.2020,11:49,11:57,69,20,"49,6",87,51,"9,7","69,3471111","87,8526944","2,8","0,05","т.4 река Далдыкан, ниже места впадения ручья Безымянный",
209,09.06.2020,12:20,12:30,69,23,"45,2",87,46,"47,7","69,3958889","87,7799167","2,2","0,05","т.5 река Амбарная, 750 м выше места впадения реки Далдыкан",
210,09.06.2020,14:16,14:25,69,23,"58,2",87,47,"7,7","69,3995000","87,7854722","2,08","0,05","т.6 река Амбарная, в месте впадения реки Далдыкан",
211,09.06.2020,14:27,14:35,69,24,"0,7",87,47,"12,6","69,4001944","87,7868333","3,7","0,05","т.7, река Амбарная, ниже места впадения реки Далдыкан",
212,09.06.2020,14:44,14:50,69,25,"9,4",87,53,"13,9","69,4192778","87,8871944","1,73","0,05","т.8 река Амбарная, правый приток, выше установленных бонов",
213,09.06.2020,14:52,14:59,69,25,"9,6",87,53,"13,4","69,4193333","87,8870556","2,08","0,05","т.9 река Амбарная, правый приток, ниже установленных бонов",
214,09.06.2020,19:00,19:09,69,28,"19,2",87,55,"50,8","69,4720000","87,9307778","0,49","0,05","т.10 река Амбарная, в районе лагеря ликвидации аварийного разлива нефти в правой протоке, выше установленных бонов",
215,09.06.2020,19:11,19:19,69,28,"19,4",87,55,"51,5","69,4720556","87,9309722","0,63","0,05","т.11 река Амбарная, в районе лагеря ликвидации аварийного разлива нефти в правой протоке, ниже установленных бонов",
216,09.06.2020,19:23,19:30,69,28,"19,3",87,55,"43,6","69,4720278","87,9287778","0,76","0,05","т.12 река Амбарная, в районе лагеря ликвидации аварийного разлива нефти, ниже установленных бонов, правый берег",
217,09.06.2020,19:38,19:49,69,28,"17,6",87,55,"37,8","69,4715556","87,9271667","0,55","0,05","т.13 река Амбарная, в районе лагеря ликвидации аварийного разлива нефти, ниже установленных бонов, левый берег",
218,09.06.2020,20:21,20:30,70,3,"49,8",88,4,"3,8","70,0638333","88,0677222","0,46","0,05","т.14 река Пясина, исток",
219,09.06.2020,20:45,20:52,70,5,22,88,16,"23,6","70,0894444","88,2732222","0,22","0,05","т.15 река Пясина, 8 км ниже по течению истока",
220,10.06.2020,10:00,10:17,69,25,"31,6",88,15,"27,6","69,4254444","88,2576667","0,31","0,05","т.1 Река Норильская, район водозабора, левый берег",
221,10.06.2020,10:20,10:36,69,25,"36,1",88,15,26,"69,4266944","88,2572222","0,34","0,05","т.2 Река Норильская, район водозабора, на стрежне",
222,10.06.2020,10:40,10:54,69,25,"40,9",88,15,"32,7","69,4280278","88,2590833","0,28","0,05","т.3 Река Норильская, район водозабора, правый берег",
223,10.06.2020,11:05,11:21,69,28,42,87,55,"25,5","69,4783333","87,9237500","0,53","0,05","т.4 Река Амбарная, ниже последней линии бонов, левый берег",
224,10.06.2020,11:25,11:39,69,28,"43,2",87,55,"25,3","69,4786667","87,9236944","0,53","0,05","т.5 Река Амбарная, ниже последней линии бонов, на стрежне",
225,10.06.2020,11:44,12:00,69,28,"43,8",87,55,"24,2","69,4788333","87,9233889","0,67","0,05","т.6 Река Амбарная, ниже последней линии бонов, правый берег",
226,10.06.2020,12:07,12:25,69,28,46,87,55,"36,1","69,4794444","87,9266944","0,6","0,05","т.7 Реки Амбарная, устье",
227,10.06.2020,12:30,12:48,69,28,"42,4",87,56,"0,2","69,4784444","87,9333889","0,28","0,05","т.8 Река Амбарная, 270 м на ЮВ от устья",
228,10.06.2020,12:50,13:06,69,28,"56,3",87,55,"44,2","69,4823056","87,9289444","0,36","0,05","т.9 Река Амбарная, 330 м на СВ от устья",
229,10.06.2020,13:10,13:23,69,33,"1,2",87,47,"0,9","69,5503333","87,7835833","0,26","0,05","т.10 Озеро Пясино, между левым берегом и Островом Трудный, 2100 м от левого берега",
230,10.06.2020,13:28,13:41,69,33,"3,9",87,46,"31,1","69,5510833","87,7753056","0,17","0,05","т.11 Озеро Пясино, между левым берегом и Островом Трудный, 1800 м от левого берега",
231,10.06.2020,13:45,14:00,69,33,"17,1",87,45,"7,2","69,5547500","87,7520000","0,2","0,05","т.12 Озеро Пясино, между левым берегом и Островом Трудный, 778 м от левого берега",
232,10.06.2020,14:05,14:22,69,33,26,87,44,"36,9","69,5572222","87,7435833","0,18","0,05","т.13 Озеро Пясино, между левым берегом и Островом Трудный, 340 м от левого берега",
233,10.06.2020,14:30,14:43,69,36,"42,8",87,48,"9,5","69,6118889","87,8026389","0,17","0,05","т.14 Озеро Пясино, 7 км на север от Острова Трудный",
234,10.06.2020,14:50,14:15,69,32,"54,4",87,59,"53,4","69,5484444","87,9981667","0,19","0,05","т.15 Река Норильская, устье, правый берег",
235,10.06.2020,15:20,15:34,69,32,"52,5",87,59,"43,8","69,5479167","87,9955000","0,17","0,05","т.16 Река Норильская, устье, на стрежне",
236,10.06.2020,15:39,15:52,69,32,"48,7",87,59,"26,2","69,5468611","87,9906111","0,15","0,05","т.17 Река Норильская, устье, левый берег",
237,10.06.2020,10:31,10:39,69,20,34,87,51,"49,7","69,3427778","87,8638056","0,19","0,05","т.1 Река Далдыкан, фоновая, выше места впадения Ручья Безымянный",
238,10.06.2020,11:01,11:09,69,20,"37,7",87,52,"2,1","69,3438056","87,8672500","2,64","0,05","т.2 Ручей Безымянный, выше места впадения в Реку Далдыкан",
239,10.06.2020,11:13,11:22,69,20,"40,5",87,51,"46,2","69,3445833","87,8628333","2,82","0,05","т.3 Река Далдыкан, в месте впадения Ручья Безымянный",
240,10.06.2020,11:32,11:41,69,20,"50,8",87,51,"4,8","69,3474444","87,8513333","1,17","0,05","т.4 Река Далдыкан, ниже места впадения Ручья Безымянный",
241,10.06.2020,11:57,12:09,69,23,"45,6",87,46,48,"69,3960000","87,7800000","0,27","0,05","т.5 Река Амбарная, фоновая, 750 м выше места впадения Реки Далдыкан",
242,10.06.2020,12:16,12:23,69,23,"58,3",87,47,"7,7","69,3995278","87,7854722","0,63","0,05","т.6 Река Амбарная, в месте впадения Река Далдыкан",
243,10.06.2020,12:25,12:44,69,24,"0,7",87,47,"12,4","69,4001944","87,7867778","0,56","0,05","т.7 Река Амбарная, ниже места впадения Реки Далдыкан",
244,10.06.2020,12:54,13:06,69,26,"53,3",87,54,"53,9","69,4481389","87,9149722","1,5","0,05","т.8 Река Амбарная, выше первой линии установленных бон, правый берег",
245,10.06.2020,13:10,13:26,69,26,"53,6",87,54,"55,7","69,4482222","87,9154722","36,49","0,05","т.9 Река Амбарная, ниже первой линии установленных бон, правый берег",
246,10.06.2020,13:39,13:46,69,26,"54,3",87,54,"46,6","69,4484167","87,9129444","176,95","0,05","т.10 Река Амбарная, выше первой линии установленных бон, левый берег",
247,10.06.2020,13:52,14:01,69,26,"54,4",87,54,"47,1","69,4484444","87,9130833","4,12","0,05","т.11 Река Амбарная, ниже первой линии установленных бон, левый берег",
248,10.06.2020,15:10,15:19,69,28,"20,4",87,55,"54,3","69,4723333","87,9317500","2,97","0,05","т.12 Река Амбарная, в районе лагеря ликвидации аварийного разлива нефти в правой протоке, 10 м ниже последней линии установленных бон",
249,10.06.2020,15:22,15:29,69,28,"20,8",87,55,"58,9","69,4724444","87,9330278","1,48","0,05","т.13 Река Амбарная, в районе лагеря ликвидации аварийного разлива нефти, в правой протоке, 50 м ниже последней линии установленных бон",
250,10.06.2020,15:33,15:39,69,28,"21,3",87,56,"3,9","69,4725833","87,9344167","1,47","0,05","т.14 Река Амбарная, в районе лагеря ликвидации аварийного разлива нефти, в правой протоке, 100 м ниже последней линии установленных бон",
251,10.06.2020,15:45,15:52,69,28,41,87,55,"22,9","69,4780556","87,9230278","0,59","0,05","т.15 Река Амбарная, в районе лагеря ликвидации аварийного разлива нефти, правый берег, 10 м ниже последней линии установленных бон",
252,10.06.2020,16:55,17:01,69,28,"41,8",87,55,"26,4","69,4782778","87,9240000","0,71","0,05","т.16 Река Амбарная, в районе лагеря ликвидации аварийного разлива нефти, правый берег, 50 м ниже последней линии установленных бон,",
253,10.06.2020,17:05,17:11,69,28,"42,7",87,55,"30,6","69,4785278","87,9251667","0,54","0,05","т.17 Река Амбарная, в районе лагеря ликвидации аварийного разлива нефти, правый берег, 100 м ниже последней линии установленных бон",
254,10.06.2020,17:10,17:23,69,28,43,87,55,"18,1","69,4786111","87,9216944","0,51","0,05","т.18 Река Амбарная, в районе лагеря ликвидации аварийного разлива нефти, левый берег, 10 м ниже последней линии установленных бон",
255,10.06.2020,17:29,17:39,69,28,"43,6",87,55,"22,2","69,4787778","87,9228333","0,63","0,05","т.19 Река Амбарная, в районе лагеря ликвидации аварийного разлива нефти, левый берег, 50 м ниже последней линии установленных бон",
256,10.06.2020,17:39,17:45,69,28,"44,6",87,55,"26,3","69,4790556","87,9239722","0,55","0,05","т.20 Река Амбарная, в районе лагеря ликвидации аварийного разлива нефти, левый берег, 100 м ниже последней линии установленных бон",
257,10.06.2020,18:15,18:24,70,3,"49,6",88,4,4,"70,0637778","88,0677778","0,21","0,05","т.21, Река Пясина, исток",
279,11.06.2020,10:11,10:29,69,20,"34,6",87,51,"49,9","69,3429444","87,8638611","0,28","0,05","т.1 Река Далдыкан, фоновая, выше места впадения Ручья Безымянный",
280,11.06.2020,11:03,11:09,69,20,"37,7",87,52,2,"69,3438056","87,8672222","0,88","0,05","т.2 Ручей Безымянный, выше места впадения в Реку Далдыкан",
281,11.06.2020,11:13,11:22,69,20,"40,7",87,51,"45,7","69,3446389","87,8626944","1,42","0,05","т.3 Река Далдыкан, в месте впадения Ручья Безымянный",
282,11.06.2020,11:32,11:41,69,20,"48,5",87,51,"12,2","69,3468056","87,8533889","1,44","0,05","т.4 Река Далдыкан, ниже места впадения Ручья Безымянный",
283,11.06.2020,11:57,12:09,69,23,"45,3",87,46,"47,8","69,3959167","87,7799444","0,14","0,05","т.5 Река Амбарная, фоновая, 750 м выше места впадения Реки Далдыкан",
284,11.06.2020,12:16,12:25,69,23,58,87,47,"7,5","69,3994444","87,7854167","3,56","0,05","т.6 Река Амбарная, в месте впадения Река Далдыкан",
285,11.06.2020,12:35,12:44,69,24,"3,1",87,47,"12,7","69,4008611","87,7868611","3,22","0,05","т.7 Река Амбарная, ниже места впадения Реки Далдыкан",
286,11.06.2020,12:54,13:06,69,26,"53,2",87,54,"53,1","69,4481111","87,9147500",2625,"0,05","т.8 Река Амбарная, выше первой линии установленных бон, правый берег",
287,11.06.2020,13:10,13:26,69,26,"53,5",87,54,56,"69,4481944","87,9155556","397,8","0,05","т.9 Река Амбарная, ниже первой линии установленных бон, правый берег",
288,11.06.2020,13:39,13:46,69,26,"54,2",87,54,"46,5","69,4483889","87,9129167","43,3","0,05","т.10 Река Амбарная, выше первой линии установленных бон, левый берег",
289,11.06.2020,13:52,14:01,69,26,"54,4",87,54,"47,1","69,4484444","87,9130833",5,"0,05","т.11 Река Амбарная, ниже первой линии установленных бон, левый берег",
290,11.06.2020,15:10,15:19,69,28,"41,4",87,55,"21,7","69,4781667","87,9226944","0,43","0,05","т.12, устье Реки Амбарная, в районе лагеря ликвидации аварийного разлива нефти в правой протоке, ниже последней линии установленных бон, правый берег",
291,11.06.2020,15:22,15:29,69,28,"43,3",87,55,"21,5","69,4786944","87,9226389","0,6","0,05","т.13, устье Реки Амбарная, в районе лагеря ликвидации аварийного разлива нефти, в правой протоке, ниже последней линии установленных бон, левый берег",
292,11.06.2020,15:33,15:39,70,3,"57,3",88,4,"1,8","70,0659167","88,0671667","0,02","0,05","т.14, исток Реки Пясина",
293,11.06.2020,15:45,15:52,70,5,21,88,16,"22,7","70,0891667","88,2729722","0,04","0,05","т.15, Река Пясина, 8 км ниже истока",
294,11.06.2020,16:55,17:01,69,28,"42,7",87,55,"22,8","69,4785278","87,9230000","0,47","0,05","т.16, Река Амбарная, в районе лагеря ликвидации аварийного разлива нефти, выше последней линии установленных сорбирующих бон, на стрежне",
295,11.06.2020,17:05,17:11,69,28,"43,4",87,55,"26,7","69,4787222","87,9240833","0,59","0,05","т.17, Река Амбарная, в районе лагеря ликвидации аварийного разлива нефти, ниже последней линии установленных сорбирующих бон, на стрежне",
296,11.06.2020,17:10,17:23,69,28,"20,9",87,56,"0,3","69,4724722","87,9334167","0,07","0,05","т.18, Река Амбарная, в районе лагеря ликвидации аварийного разлива нефти, в правой протоке ниже последней линии установленных бон, левый берег",
297,11.06.2020,17:29,17:39,69,28,"20,7",87,56,"1,6","69,4724167","87,9337778","0,04","0,05","т.19, Река Амбарная, в районе лагеря ликвидации аварийного разлива нефти, в правой протоке ниже последней линии установленных бон, на стрежне",
298,11.06.2020,17:39,17:45,69,28,"20,4",87,56,"1,5","69,4723333","87,9337500","0,09","0,05","т.20, тара № 38, река Амбарная, в районе лагеря ликвидации аварийного разлива нефти, в правой протоке ниже последней линии установленных бон, правый берег",
299,11.06.2020,18:25,18:34,69,28,"12,5",87,55,"51,7","69,4701389","87,9310278","1,16","0,05","т.21, Река Амбарная, в районе лагеря ликвидации аварийного разлива нефти, между установленных бон",
300,12.06.2020,10:21,10:39,69,20,"29,4",87,51,"57,8","69,3415000","87,8660556","0,09","0,05","т.1, Река Далдыкан, фоновая, выше места впадения Ручья Безымянный",
301,12.06.2020,10:45,10:57,69,20,"37,8",87,52,"2,2","69,3438333","87,8672778","0,5","0,05","т.2 Ручей Безымянный, выше места впадения в Реку Далдыкан",
302,12.06.2020,11:05,11:32,69,20,"40,5",87,51,"46,2","69,3445833","87,8628333","0,45","0,05","т.3 Река Далдыкан, в месте впадения Ручья Безымянный",
303,12.06.2020,11:39,11:58,69,20,"47,8",87,51,"13,5","69,3466111","87,8537500","0,43","0,05","т.4 Река Далдыкан, ниже места впадения Ручья Безымянный",
304,12.06.2020,12:05,12:23,69,23,"45,3",87,46,"47,8","69,3959167","87,7799444","0,065","0,05","т.5 Река Амбарная, фоновая, 750 м выше места впадения Реки Далдыкан",
305,12.06.2020,12:30,12:48,69,23,"58,4",87,47,"8,2","69,3995556","87,7856111","0,19","0,05","т.6 Река Амбарная, в месте впадения Река Далдыкан",
306,12.06.2020,12:57,13:16,69,24,"0,6",87,47,"12,6","69,4001667","87,7868333","0,12","0,05","т.7 Река Амбарная, ниже места впадения Реки Далдыкан",
307,12.06.2020,13:25,13:41,69,26,"52,1",87,54,"49,9","69,4478056","87,9138611","0,11","0,05","т.8 Река Амбарная, выше первой линии установленных бон, правый берег",
308,12.06.2020,13:54,14:16,69,26,"51,1",87,54,"54,3","69,4475278","87,9150833","37,98","0,05","т.9 Река Амбарная, ниже первой линии установленных бон, правый берег",
309,12.06.2020,14:20,14:36,69,26,53,87,54,"41,4","69,4480556","87,9115000","2,33","0,05","т.10 Река Амбарная, выше первой линии установленных бон, левый берег",
310,12.06.2020,14:30,14:58,69,26,"53,2",87,54,"42,4","69,4481111","87,9117778","0,67","0,05","т.11 Река Амбарная, ниже первой линии установленных бон, левый берег",
311,12.06.2020,15:10,15:19,69,28,42,87,55,"26,8","69,4783333","87,9241111","0,66","0,05","т.12, устье Реки Амбарная, в районе лагеря ликвидации аварийного разлива нефти в правой протоке, ниже последней линии установленных бон, правый берег",
312,12.06.2020,15:22,15:29,69,28,"44,2",87,55,"25,2","69,4789444","87,9236667","0,39","0,05","т.13, устье Реки Амбарная, в районе лагеря ликвидации аварийного разлива нефти, в правой протоке, ниже последней линии установленных бон, левый берег",
313,12.06.2020,15:33,15:39,70,3,"57,3",88,4,"2,1","70,0659167","88,0672500","0,04","0,05","т.14, исток Реки Пясина",
314,12.06.2020,15:45,15:52,70,5,"20,2",88,16,"21,4","70,0889444","88,2726111","0,05","0,05","т.15, Река Пясина, 8 км ниже истока",
315,12.06.2020,16:55,17:01,69,28,"6,6",87,56,"10,3","69,4685000","87,9361944","0,21","0,05","т.16, Река Амбарная, в районе лагеря ликвидации аварийного разлива нефти,между бонами, на стрежне, выше",
316,12.06.2020,17:05,17:11,69,28,"10,6",87,55,"59,1","69,4696111","87,9330833","0,19","0,05","т.17, Река Амбарная, в районе лагеря ликвидации аварийного разлива нефти, между бонами, на стрежне, ниже",
317,12.06.2020,17:19,17:25,69,28,"20,4",87,56,4,"69,4723333","87,9344444","2,36","0,05","т.18, Река Амбарная, в районе лагеря ликвидации аварийного разлива нефти, в правой протоке ниже последней линии сорбционнных бон, на стрежне",
318,12.06.2020,17:29,17:36,69,28,"43,1",87,55,"31,6","69,4786389","87,9254444","0,072","0,05","т.19, устье Реки Амбарная, 50 м от последней линии бон",
319,12.06.2020,17:39,17:45,69,29,"45,7",87,53,"11,1","69,4960278","87,8864167","0,072","0,05","т.20, Озеро Пясино, 250 м левее устья Реки Амбарная",
320,12.06.2020,18:25,18:34,69,33,"3,9",87,46,"31,1","69,5510833","87,7753056","0,074","0,05","т.21, Озеро Пясино, 1800м от Острова Трудный",
321,12.06.2020,18:40,19:00,69,32,"46,9",88,0,"11,9","69,5463611","88,0033056","0,049","0,05","т.22, устье Реки Норильская, выход в Озеро Пясино, на стрежне",
322,13.06.2020,10:25,10:39,69,20,"29,4",87,51,"57,7","69,3415000","87,8660278","0,09","0,05","т.1, Река Далдыкан, фоновая, выше места впадения Ручья Безымянный",
323,13.06.2020,10:45,10:57,69,20,"37,7",87,52,"2,5","69,3438056","87,8673611","2,43","0,05","т.2 Ручей Безымянный, выше места впадения в Реку Далдыкан",
324,13.06.2020,11:05,11:32,69,20,"40,5",87,51,"46,2","69,3445833","87,8628333","0,22","0,05","т.3 Река Далдыкан, в месте впадения Ручья Безымянный",
325,13.06.2020,11:39,11:58,69,20,"47,9",87,51,"13,5","69,3466389","87,8537500","0,34","0,05","т.4 Река Далдыкан, ниже места впадения Ручья Безымянный",
326,13.06.2020,12:05,12:23,69,23,"45,3",87,46,"47,7","69,3959167","87,7799167",0,"0,05","т.5 Река Амбарная, фоновая, 750 м выше места впадения Реки Далдыкан",
327,13.06.2020,12:30,12:48,69,23,"58,3",87,47,"8,2","69,3995278","87,7856111","0,08","0,05","т.6 Река Амбарная, в месте впадения Река Далдыкан",
328,13.06.2020,12:57,13:16,69,24,"0,6",87,47,"12,7","69,4001667","87,7868611","0,023","0,05","т.7 Река Амбарная, ниже места впадения Реки Далдыкан",
329,13.06.2020,13:25,13:41,69,26,"51,6",87,54,"48,9","69,4476667","87,9135833","0,05","0,05","т.8 Река Амбарная, выше первой линии установленных бон, правый берег",
330,13.06.2020,13:54,14:16,69,26,"52,1",87,54,"49,9","69,4478056","87,9138611","0,11","0,05","т.9 Река Амбарная, ниже первой линии установленных бон, правый берег",
331,13.06.2020,14:20,14:36,69,26,"52,8",87,54,"41,5","69,4480000","87,9115278","70,58","0,05","т.10 Река Амбарная, выше первой линии установленных бон, левый берег",
332,13.06.2020,14:30,14:58,69,26,53,87,54,"42,2","69,4480556","87,9117222","4,1","0,05","т.11 Река Амбарная, ниже первой линии установленных бон, левый берег",
333,13.06.2020,15:10,15:19,70,3,"57,2",88,4,"1,9","70,0658889","88,0671944","0,12","0,05","т.12, исток Реки Пясина",
334,13.06.2020,15:22,15:29,70,5,"20,1",88,16,"21,4","70,0889167","88,2726111","0,01","0,05","т.13, Река Пясина, 8 км ниже истока",
335,13.06.2020,15:33,15:39,69,28,"21,4",87,56,"5,6","69,4726111","87,9348889","0,04","0,05","т.14, Река Амбарная, в районе лагеря ликвидации аварийного разлива нефти,в правой протоке ниже последней линии сорбционных бон, левый берег",
336,13.06.2020,15:45,15:52,69,28,"20,9",87,56,"5,4","69,4724722","87,9348333","0,02","0,05","т.15, Река Амбарная, в районе лагеря ликвидации аварийного разлива нефти,в правой протоке ниже последней линии сорбционных бон, на стрежне",
337,13.06.2020,16:55,17:01,69,28,"20,7",87,56,"5,8","69,4724167","87,9349444","0,06","0,05","т.16, Река Амбарная, в районе лагеря ликвидации аварийного разлива нефти,в правой протоке ниже последней линии сорбционных бон, правый берег",
338,13.06.2020,17:05,17:11,69,28,"44,3",87,55,"25,7","69,4789722","87,9238056","0,04","0,05","т.17, Река Амбарная, в районе лагеря ликвидации аварийного разлива нефти, ниже последней линии сорбционных бон, левый берег",
339,13.06.2020,17:19,17:25,69,28,"43,6",87,55,"28,1","69,4787778","87,9244722","0,12","0,05","т.18, Река Амбарная, в районе лагеря ликвидации аварийного разлива нефти, ниже последней линии сорбционных бон, на стрежне",
340,13.06.2020,17:29,17:36,69,28,"42,7",87,55,"29,1","69,4785278","87,9247500","0,07","0,05","т.19, Река Амбарная, в районе лагеря ликвидации аварийного разлива нефти, ниже последней линии сорбционных бон, правый берег",
341,13.06.2020,17:39,17:45,69,29,"3,2",87,55,"50,8","69,4842222","87,9307778","0,01","0,05","т.20, устье Реки Амбарная",
342,13.06.2020,18:25,18:34,69,29,"21,8",87,55,"39,7","69,4893889","87,9276944","0,04","0,05","т.21, Озеро Пясино, 250 м левее от устья Реки Амбарная",
343,13.06.2020,18:40,19:00,69,28,"13,1",87,55,"50,6","69,4703056","87,9307222","0,04","0,05","т.22, устье Река Амбарная, в районе лагеря ликвидации аварийного разлива нефти, между бонами",
344,13.06.2020,19:10,19:20,69,28,42,87,55,17,"69,4783333","87,9213889","0,03","0,05","т.23, Река Амбарная, в районе лагеря ликвидации аварийного разлива нефти, выше последней линии бон, на стрежне",
А658,13.06.2020,10:25,10:33,69,29,"18,5",88,8,"49,5","69,4884722","88,1470833","0,03","0,05","Река Норильская в месте впадения в озеро Пясино, левый берег",
А659,13.06.2020,10:36,10:43,69,29,22,88,8,"50,4","69,4894444","88,1473333","0,01","0,05","Река Норильская в месте впадения в озеро Пясино, на стрежине",
А660,13.06.2020,10:45,10:51,69,29,30,88,8,"50,9","69,4916667","88,1474722","0,02","0,05","Река Норильская в месте впадения в озеро Пясино, правый берег",
А661,13.06.2020,11:40,11:47,69,35,"43,3",88,4,36,"69,5953611","88,0766667","0,01","0,05","Озеро Пясино, район устья реки Мукулай, правый берег",
А662,13.06.2020,13:30,13:39,69,43,"3,7",87,54,"9,3","69,7176944","87,9025833","0,03","0,05","Озеро Пясино, район мыса Тонкий, правый берег",
А663,13.06.2020,14:47,14:56,69,42,"38,8",87,48,"43,2","69,7107778","87,8120000","0,02","0,05","Озеро Пясино, район мыса Тонкий, фарватор",
А664,13.06.2020,16:01,16:10,69,41,"56,8",87,44,"47,3","69,6991111","87,7464722","0,03","0,05","Озеро Пясино, район мыса Тонкий, левый берег у острова Чаячий",
А665,13.06.2020,17:02,17:14,69,38,"48,1",88,1,"44,3","69,6466944","88,0289722","0,01","0,05","Озеро Пясино, район мыса Еловый, правый берег",
А666,13.06.2020,17:43,17:51,69,38,"38,4",88,1,"2,5","69,6440000","88,0173611","0,01","0,05","Озеро Пясино, район мыса Еловый, фарватор",
А667,14.06.2020,10:10,10:20,69,28,"19,9",88,11,"0,8","69,4721944","88,1835556","0,02","0,05",Устье реки Норильская по середине,
А668,14.06.2020,11:05,11:15,69,28,"48,2",88,55,"34,5","69,4800556","88,9262500","0,53","0,05",Устье реки Амбарная по середине,
А669,14.06.2020,11:25,11:40,69,29,"9,7",88,55,"45,5","69,4860278","88,9293056","0,03","0,05","250 метров от устья реки Амбарная ниже впадения в озеро Пясино, левый берег",
А670,14.06.2020,12:30,12:47,69,33,"42,1",87,44,"35,7","69,5616944","87,7432500","0,12","0,05","Озеро Пясино в районе острова Трудный, левый берег",
А671,14.06.2020,13:25,13:40,69,33,"4,7",87,54,"0,1","69,5513056","87,9000278","0,01","0,05","Озеро Пясино в районе острова Трудный, по середине",
А672,14.06.2020,14:05,14:20,69,33,"16,5",87,59,"41,1","69,5545833","87,9947500","0,02","0,05","Озеро Пясино в районе острова Трудный, правый берег",
345,14.06.2020,10:15,10:29,69,20,"29,8",87,51,"56,3","69,3416111","87,8656389","0,05","0,05","т.1, река Далдыкан, фоновая, выше места впадения ручья Безымянный",
346,14.06.2020,10:35,10:47,69,19,"52,1",87,54,"39,2","69,3311389","87,9108889","1,15","0,05","т.2, ручей Безымянный, ниже места слива нефтепродуктов",
347,14.06.2020,11:05,11:32,69,19,"47,5",87,54,"47,5","69,3298611","87,9131944","68,8","0,05","т.3, ручей Безымянный, место слива нефтепродуктов",
348,14.06.2020,11:39,11:58,69,19,"33,4",87,55,"4,3","69,3259444","87,9178611","0,13","0,05","т.4, ручей Безымянный, 500 м выше места слива нефтепродуктов",
349,14.06.2020,12:05,12:23,69,20,"47,9",87,51,"13,5","69,3466389","87,8537500","2,83","0,05","т.5, река Далдыкан, ниже места впадения ручья Безымянный",
350,14.06.2020,12:30,12:48,69,23,"45,1",87,46,"47,8","69,3958611","87,7799444","0,06","0,05","т.6, река Амбарная, фоновая, 750 м выше места впадения реки Далдыкан",
351,14.06.2020,12:57,13:16,69,24,"3,7",87,47,41,"69,4010278","87,7947222","0,16","0,05","т.7, река Амбарная, 300 м ниже места впадения реки Далдыкан",
352,14.06.2020,13:25,13:41,69,26,"51,6",87,54,"47,9","69,4476667","87,9133056","0,07","0,05","т.8, река Амбарная, выше первой линии установленных бон, правый берег",
353,14.06.2020,13:54,14:16,69,26,"52,7",87,54,"41,1","69,4479722","87,9114167","26,14","0,05","т.9, река Амбарная, выше первой линии установленных бон, левый берег",
354,14.06.2020,14:20,14:36,70,3,"57,2",88,4,"1,9","70,0658889","88,0671944","0,02","0,05","т.10, исток реки Пясина",
355,14.06.2020,14:40,14:58,70,5,"20,1",88,16,"21,4","70,0889167","88,2726111","0,16","0,05","т.11, река Пясина, 8 км ниже истока",
356,14.06.2020,15:10,15:19,70,21,"7,5",88,33,"57,8","70,3520833","88,5660556",0,"0,05","т.12, река Пясина, 50 км ниже истока",
357,14.06.2020,15:22,15:29,69,28,"14,2",87,55,"51,4","69,4706111","87,9309444","0,21","0,05","т.13, река Амбарная, в районе лагеря ликвидации аварийного разлива нефти, между бонами",
358,14.06.2020,15:33,15:39,69,28,"44,1",87,55,"25,6","69,4789167","87,9237778","0,38","0,05","т.14, река Амбарная, в районе лагеря ликвидации аварийного разлива нефти, ниже последней линии сорбционных бон, левый берег",
359,14.06.2020,15:45,15:52,69,28,"43,3",87,55,"27,9","69,4786944","87,9244167","0,15","0,05","т.15, река Амбарная, в районе лагеря ликвидации аварийного разлива нефти, ниже последней линии сорбционных бон, на стрежне",
360,14.06.2020,16:05,16:21,69,28,"42,1",87,55,"28,5","69,4783611","87,9245833","0,11","0,05","т.16, река Амбарная, в районе лагеря ликвидации аварийного разлива нефти, ниже последней линии сорбционных бон, правый берег",
А684,15.06.2020,10:17,10:25,69,20,25,87,52,3,"69,3402778","87,8675000","0,02","0,05","река Далдыкан, фоновая, выше места впадения ручья Безымянный",
А685,15.06.2020,10:30,10:40,69,20,"37,7",87,52,"2,1","69,3438056","87,8672500","0,25","0,05","ручей Безымянный, выше места впадения в реку Далдыкан",
А686,15.06.2020,10:50,11:05,69,20,48,87,51,"13,3","69,3466667","87,8536944","0,2","0,05","река Далдыкан, 500 м ниже впадения ручья Безымянный",
А687,15.06.2020,11:25,11:35,69,23,"45,3",87,46,"47,7","69,3959167","87,7799167","0,05","0,05","река Амбарная, фоновая, 750 м выше места впадения реки Далдыкан",
А688,15.06.2020,11:50,12:05,69,24,"3,9",87,47,"30,2","69,4010833","87,7917222","0,09","0,05","река Амбарная, 300 м ниже места впадения реки Далдыкан",
А689,15.06.2020,12:15,12:25,69,26,53,87,54,53,"69,4480556","87,9147222","0,3","0,05","река Амбарная, выше первой линии установленных бон, правый берег",
А690,15.06.2020,12:30,13:40,69,26,"54,3",87,54,"46,7","69,4484167","87,9129722","0,16","0,05","река Амбарная, выше первой линии установленных бон, левый берег",
А691,15.06.2020,13:15,13:25,70,3,"57,4",88,4,2,"70,0659444","88,0672222","0,05","0,05",исток реки Пясина,
А692,15.06.2020,13:50,14:00,70,5,20,88,16,"21,5","70,0888889","88,2726389","0,02","0,05","река Пясина, 8 км ниже истока",
А693,15.06.2020,14:50,15:00,69,28,"43,7",87,55,"23,2","69,4788056","87,9231111","0,06","0,05","река Амбарная, ниже последний линии установленных бон, левый берег",
А694,15.06.2020,15:10,15:20,69,28,"42,7",87,55,"29,1","69,4785278","87,9247500","0,03","0,05","река Амбарная, ниже последний линии установленных бон, по середине",
А695,15.06.2020,15:30,15:35,69,28,"41,9",87,55,"27,9","69,4783056","87,9244167","0,03","0,05","река Амбарная, ниже последний линии установленных бон, правый берег",
А696,15.06.2020,15:40,15:45,69,28,"10,5",87,55,"59,9","69,4695833","87,9333056","0,48","0,05","река Амбарная, в районе лагеря ликвидации аварийного разлива нефти между бонами ",
366,16.06.2020,10:21,10:35,69,20,"24,8",87,52,"2,4","69,3402222","87,8673333","0,01","0,05","т.1, Река Далдыкан, фоновая, выше места впадения Ручья Безымянный",
367,16.06.2020,10:40,11:05,69,20,"37,7",87,52,"2,2","69,3438056","87,8672778","0,36","0,05","т.2, Ручей Безымянный, выше места впадения в Реку Далдыкан",
368,16.06.2020,11:10,11:25,69,20,"47,9",87,51,"13,3","69,3466389","87,8536944","0,24","0,05","т.3, Река Далдыкан, 500 м ниже впадения Ручья Безымянный",
369,16.06.2020,11:35,11:55,69,23,"45,3",87,46,"47,7","69,3959167","87,7799167","0,04","0,05","т.4, Река Амбарная, фоновая, 750 м выше места впадения Реки Далдыкан",
370,16.06.2020,12:05,12:25,69,24,"3,8",87,47,"30,4","69,4010556","87,7917778","0,11","0,05","т.5, Река Амбарная, 300 м ниже места впадения Реки Далдыкан",
371,16.06.2020,12:35,12:55,69,26,"52,8",87,54,"52,4","69,4480000","87,9145556","0,5","0,05","т.6, Река Амбарная, выше первой линии установленных бон, правый берег",
372,16.06.2020,13:05,13:20,69,26,"54,3",87,54,"46,6","69,4484167","87,9129444","0,77","0,05","т.7, река Амбарная, выше первой линии установленных бон, левый берег",
373,16.06.2020,13:35,13:55,70,3,"57,2",88,4,"2,1","70,0658889","88,0672500","0,04","0,05","т.8, исток реки Пясина",
374,16.06.2020,14:05,14:30,70,5,"20,1",88,16,"21,4","70,0889167","88,2726111","0,03","0,05","т.9, река Пясина, 8 км ниже истока",
375,17.06.2020,10:15,10:29,69,19,"56,1",87,54,"27,5","69,3322500","87,9076389","6,47","0,05","т.1, Ручей Безымянный ниже линии бон",
376,17.06.2020,10:35,10:47,69,20,"22,9",87,52,"5,7","69,3396944","87,8682500","0,03","0,05","т.2, Река Далдыкан, фоновая, выше места впадения Ручья Безымянный",
377,17.06.2020,11:05,11:32,69,20,"37,7",87,52,"2,1","69,3438056","87,8672500","1,81","0,05","т.3, Ручей Безымянный, выше места впадения в Реку Далдыкан",
378,17.06.2020,11:39,11:58,69,20,"47,9",87,51,"13,4","69,3466389","87,8537222","0,34","0,05","т.4, Река Далдыкан, ниже места впадения Ручья Безымянный",
379,17.06.2020,12:05,12:23,69,23,"45,1",87,46,"48,1","69,3958611","87,7800278","0,02","0,05","т.5, Река Амбарная, фоновая, 750 м выше места впадения Реки Далдыкан",
380,17.06.2020,12:30,12:48,69,24,"3,8",87,47,"30,7","69,4010556","87,7918611","0,05","0,05","т.6, Река Амбарная, 300 м ниже места впадения Реки Далдыкан",
381,17.06.2020,12:57,13:16,69,26,"52,9",87,54,"52,6","69,4480278","87,9146111","0,38","0,05","т.7, Река Амбарная, выше первой линии установленных бон,правый берег",
382,17.06.2020,13:25,13:41,69,26,"54,3",87,54,"46,6","69,4484167","87,9129444","0,49","0,05","т.8, Река Амбарная, выше первой линии установленных бон, левый берег",
383,17.06.2020,13:54,14:16,70,3,"57,3",88,4,2,"70,0659167","88,0672222","0,04","0,05","т.9, исток Реки Пясина:",
384,17.06.2020,14:20,14:36,70,5,"20,3",88,16,"21,3","70,0889722","88,2725833","0,03","0,05","т.10, Река Пясина, 8 км ниже истока",
385,17.06.2020,14:40,14:58,69,28,"11,8",87,55,"57,7","69,4699444","87,9326944","0,44","0,05","т.11, Река Амбарная, в районе лагеря ликвидации аварийного розлива нефти, между бонами",
386,17.06.2020,15:10,15:19,69,28,"42,3",87,55,16,"69,4784167","87,9211111","0,33","0,05","т.12, Река Амбарная в районе лагеря ликвидации аварийного розлива нефти, выше последней линии сорбционных бон, левый берег",
387,17.06.2020,15:22,15:29,69,28,"42,3",87,55,"18,5","69,4784167","87,9218056","0,42","0,05","т.13, Река Амбарная, в районе лагеря ликвидации аварийного розлива нефти, выше последней линии сорбционных бон,середина",
388,17.06.2020,15:33,15:39,69,28,"41,3",87,55,"21,5","69,4781389","87,9226389","0,22","0,05","т.14, Река Амбарная, в районе лагеря ликвидации аварийного розлива нефти, выше последней линии сорбционных бон, правый берег",
389,17.06.2020,15:45,15:52,69,28,"43,4",87,55,"22,2","69,4787222","87,9228333","0,36","0,05","т.15, Река Амбарная в районе лагеря ликвидации аварийного розлива нефти, ниже последней линии сорбционных бон, левый берег",
390,17.06.2020,16:05,16:21,69,28,"42,9",87,55,"24,2","69,4785833","87,9233889","0,31","0,05","т.16, Река Амбарная в районе лагеря ликвидации аварийного розлива нефти, ниже последней линии сорбционных бон, середина",
391,17.06.2020,16:35,16:51,69,28,"41,9",87,55,"25,7","69,4783056","87,9238056","0,35","0,05","т.17, Река Амбарная в районе лагеря ликвидации аварийного розлива нефти, ниже последней линии сорбционных бон, правый берег",
392,17.06.2020,17:05,17:28,69,29,"21,9",87,55,"42,7","69,4894167","87,9285278","0,01","0,05","т.18, тара № 517, в районе устья Реки Амбарная, 250 м по левому берегу озера Пясино",
А727,18.06.2020,10:10,10:20,69,19,56,87,54,28,"69,3322222","87,9077778","0,49","0,05",Ручей Безымянный ниже линии бон,
А728,18.06.2020,10:30,10:40,69,20,"19,5",87,52,"7,7","69,3387500","87,8688056",0,"0,05","река Далдыкан, фоновая",
А729,18.06.2020,10:55,11:00,69,20,"37,6",87,52,"2,1","69,3437778","87,8672500","0,24","0,05",ручей Безымянный до в падение в реку Далдыкан,
А730,18.06.2020,11:15,11:30,69,20,"47,7",87,51,"13,8","69,3465833","87,8538333","0,32","0,05",река Далдыкан 500м ниже впадения ручья Безымянный,
А731,18.06.2020,11:50,12:00,69,23,"45,3",87,46,"47,9","69,3959167","87,7799722","0,01","0,05","река Амбарная, фоновая 750м выше впадения реки Далдыкан",
А732,18.06.2020,12:24,12:35,69,24,"3,9",87,47,"30,4","69,4010833","87,7917778","0,08","0,05","река Амбарная, 300м ниже впадения реки Далдыкан",
А733,18.06.2020,12:40,12:50,69,26,"52,8",87,54,"52,5","69,4480000","87,9145833","0,17","0,05",выше первой линии бон река Амбарная правый берег,
А734,18.06.2020,13:10,13:20,69,26,"54,3",87,54,"46,7","69,4484167","87,9129722","0,32","0,05",выше первой линии бон река Амбарная левый берег,
А735,18.06.2020,14:00,14:10,70,3,"57,3",88,4,"1,9","70,0659167","88,0671944","0,27","0,05",исток реки Пясина,
А736,18.06.2020,14:30,14:40,70,5,20,88,16,"20,8","70,0888889","88,2724444","0,2","0,05",река Пясина 8 км ниже по течению от истока,
А737,18.06.2020,14:55,15:10,69,43,"0,9",87,54,"49,3","69,7169167","87,9136944","0,02","0,05",озеро Пясино в районе мыса Тонкий,
А738,18.06.2020,15:50,16:00,69,33,"12,2",87,44,"21,1","69,5533889","87,7391944","0,15","0,05",озеро Пясино левый берег в районе острова Трудный,
А739,18.06.2020,16:25,16:35,69,35,"6,8",87,54,"0,6","69,5852222","87,9001667","0,012","0,05",озеро Пясино по середине в районе острова Трудный,
А740,18.06.2020,16:50,17:00,69,35,"16,5",87,5,23,"69,5879167","87,0897222","0,009","0,05",озеро Пясино правый берег в районе острова Трудный,
А741,18.06.2020,17:20,17:30,69,29,12,87,54,"20,7","69,4866667","87,9057500","0,29","0,05","250 м от устья реки Амбарная ниже впадения в озеро Пясино, левый берег",
А742,18.06.2020,17:45,17:55,69,28,"44,1",87,55,"25,4","69,4789167","87,9237222","0,61","0,05","река Амбарная ниже последней линии бон, левый берег",
А743,18.06.2020,18:00,18:10,69,28,43,87,55,27,"69,4786111","87,9241667","0,6","0,05","река Амбарная ниже последней линии бон, по середине",
А744,18.06.2020,18:15,18:25,69,28,"42,7",87,55,30,"69,4785278","87,9250000","0,5","0,05","река Амбарная ниже последней линии бон, правый берег",
А745,18.06.2020,18:40,18:50,69,28,"37,1",87,55,"9,3","69,4769722","87,9192500","1,14","0,05","река Амбарная, между первой и второй линией бон выше по течению от устья реки Амбарной, в районе лагеря ЛАРИ",
А746,18.06.2020,19:05,19:15,69,28,14,87,55,"51,2","69,4705556","87,9308889","1,09","0,05","река Амбарная, между второй и третий линией бон выше по течению от устья реки Амбарной, в районе лагеря ЛАРИ",
А747,18.06.2020,19:28,19:39,69,28,"1,6",87,56,15,"69,4671111","87,9375000","0,68","0,05","река Амбарная, между третьей и четвертой линией бон выше по течению от устья реки Амбарной, в районе лагеря ЛАРИ",
А748,18.06.2020,19:50,20:00,69,27,"35,9",87,56,45,"69,4599722","87,9458333","0,53","0,05","река Амбарная, между четвертой и пятой линией бон, правый рукав в районе лагеря ЛАРИ",
А749,18.06.2020,20:10,20:20,69,26,59,87,55,"2,3","69,4497222","87,9173056","0,23","0,05","река Амбарная, между бонами, левый рукав, в районе лагеря ЛАРИ",
А750,18.06.2020,20:30,20:40,69,27,"48,9",87,56,"16,3","69,4635833","87,9378611","1,28","0,05","река Амбарная, на слиянии левого и правого рукавов, в районе лагеря ЛАРИ",
393,19.06.2020,10:27,10:51,69,19,"56,3",87,54,"28,3","69,3323056","87,9078611","0,12","0,05","т.1, Ручей Безымянный, ниже линии установленных бон",
394,19.06.2020,11:02,11:21,69,20,"23,5",87,52,"5,1","69,3398611","87,8680833","0,01","0,05","т.2, Река Далдыкан, фоновая, выше места впадния Ручья Безымянный",
395,19.06.2020,11:35,11:52,69,20,"37,8",87,52,"1,6","69,3438333","87,8671111","0,08","0,05","т.3, Ручей Безымянный, выше впадения в Реку Далдыкан",
396,19.06.2020,12:05,12:24,69,20,48,87,51,"13,2","69,3466667","87,8536667","0,01","0,05","т.4, Река Далдыкан, ниже места впадения Ручья Безымянный",
397,19.06.2020,12:30,12:47,69,23,"45,3",87,46,"47,9","69,3959167","87,7799722","0,07","0,05","т.5, Река Амбарная, фоновая, 750 м выше места впадния Реки Далдыкан",
398,19.06.2020,12:55,13:14,69,24,"3,9",87,47,"30,3","69,4010833","87,7917500","0,18","0,05","т.6, Река Амбарная, 300 м ниже места впадения Реки Далдыкан",
399,19.06.2020,13:26,13:42,69,26,"52,9",87,54,"52,5","69,4480278","87,9145833","0,1","0,05","т.7, Река Амбарная, выше первой линии установленных бон, правый берег",
400,19.06.2020,13:55,14:18,69,26,"54,3",87,54,"46,5","69,4484167","87,9129167","0,1","0,05","т.8, Река Амбарная, выше первой линии установленных бон, левый берег",
401,19.06.2020,14:24,14:40,70,3,"57,3",88,4,"2,2","70,0659167","88,0672778",0,"0,05","т.9, исток Реки Пясина",
402,19.06.2020,14:48,15:05,70,5,"20,1",88,16,"21,3","70,0889167","88,2725833",0,"0,05","т.10, Река Пясина, 8 км ниже истока",
403,20.06.2020,10:21,10:37,69,20,"37,8",87,52,"1,6","69,3438333","87,8671111","3,41","0,05","т.1, ручей Безымянный, выше впадения в реку Далдыкан",
404,20.06.2020,11:01,11:15,69,20,48,87,51,"13,2","69,3466667","87,8536667","0,35","0,05","т.2, река Далдыкан, ниже места впадения ручья Безымянный",
405,20.06.2020,11:34,11:57,69,24,"3,9",87,47,"30,3","69,4010833","87,7917500","0,12","0,05","т.3, река Амбарная, 300 м ниже места впадения реки Далдыкан,",
406,20.06.2020,12:06,12:22,69,26,"52,9",87,54,"52,5","69,4480278","87,9145833","0,07","0,05","т.4, река Амбарная, выше первой линии установленных бон, правый берег",
407,20.06.2020,12:31,12:44,69,26,"54,3",87,54,"46,5","69,4484167","87,9129167","0,07","0,05","т.5, река Амбарная, выше первой линии установленных бон, левый берег,",
408,20.06.2020,12:58,13:15,70,3,"57,3",88,4,"2,2","70,0659167","88,0672778","0,01","0,05","т.6, исток реки Пясина",
409,20.06.2020,13:20,13:45,70,5,"20,1",88,16,"21,3","70,0889167","88,2725833","0,016","0,05","т.7, река Пясина, 8 км ниже истока",
410,20.06.2020,13:51,14:17,69,43,"12,1",87,54,"36,6","69,7200278","87,9101667","0,02","0,05","т.8, озеро Пясино, мыс Тонкий",
411,20.06.2020,14:26,14:38,69,28,"43,8",87,55,"24,1","69,4788333","87,9233611","0,02","0,05","т.9, река Амбарная, в районе лагеря ликвидации аварийного разлива нефти, ниже последней линии бон, левый берег",
412,20.06.2020,14:47,15:04,69,28,"42,9",87,55,"24,2","69,4785833","87,9233889","0,13","0,05","т.10, река Амбарная, в районе лагеря ликвидации аварийного разлива нефти,ниже последней линии бон, середина",
413,20.06.2020,15:12,15:25,69,28,"42,7",87,55,"30,3","69,4785278","87,9250833","0,12","0,05","т.11, река Амбарная, в районе лагеря ликвидации аварийного разлива нефти, ниже последней линии бон, правый берег",
414,20.06.2020,15:38,15:55,69,29,25,87,55,"41,2","69,4902778","87,9281111","0,027","0,05","т.12, в районе устья реки Амбарная, 250 м по левому берегу озера Пясино",
415,20.06.2020,16:07,16:20,69,29,"47,2",87,53,"15,4","69,4964444","87,8876111","0,029","0,05","т.13, устье реки Амбарная",
416,20.06.2020,16:28,16:42,69,31,"52,8",87,47,"47,9","69,5313333","87,7966389","0,048","0,05","т.14, озеро Пясино, остров Трудный",
417,20.06.2020,16:56,17:24,69,32,"44,2",88,0,"25,7","69,5456111","88,0071389","0,016","0,05","т.15, устье реки Норильская",
418,20.06.2020,17:35,17:49,69,28,"11,1",87,55,"58,6","69,4697500","87,9329444","0,15","0,05","т.16, река Амбарная, в районе лагеря ликвидации аварийного разлива нефти, между бон",
А765,21.06.2020,10:15,10:25,69,19,"48,9",87,54,"46,9","69,3302500","87,9130278","0,14","0,05",Ручей Безымянный ниже впадения ручья без названия,
А766,21.06.2020,10:35,10:45,69,20,50,87,51,"8,9","69,3472222","87,8524722","0,78","0,05",река Далдыкан ниже впадения ручья Безымянного,
А767,21.06.2020,10:55,11:10,69,24,"3,9",87,47,"30,2","69,4010833","87,7917222","0,16","0,05","река Амбарная, 300 м ниже места впадения реки Далдыкан",
А768,21.06.2020,11:30,11:40,69,26,"54,4",87,54,"46,5","69,4484444","87,9129167","0,09","0,05",река Амбарная перед бонами левый берег,
А769,21.06.2020,11:12,11:20,69,26,"53,5",87,54,"53,7","69,4481944","87,9149167","0,11","0,05",река Амбарная перед бонами правый берег,
А770,21.06.2020,12:15,12:25,70,3,"57,3",88,4,"1,8","70,0659167","88,0671667","0,005","0,05",исток реки Пясина,
А771,21.06.2020,12:40,12:50,70,21,"6,2",88,33,"59,9","70,3517222","88,5666389","0,005","0,05",река Пясина левый берег 33 км от истока,
А772,21.06.2020,13:25,13:35,69,43,"13,6",87,54,"37,1","69,7204444","87,9103056","0,004","0,05",мыс Тонкий в районе озера Пясино,
А773,21.06.2020,14:50,15:00,69,29,"40,5",87,55,"29,8","69,4945833","87,9249444","0,22","0,05",устье реки Амбарная ниже впадения в озеро Пясино 250 м левый берег,
А774,21.06.2020,15:10,15:20,69,28,"43,9",87,55,"24,2","69,4788611","87,9233889","0,07","0,05",река Амбарная ниже бон левый берег,
А775,21.06.2020,15:25,15:35,69,28,"43,6",87,55,"27,1","69,4787778","87,9241944","0,13","0,05",река Амбарная ниже бон по середине,
А776,21.06.2020,15:40,15:45,69,28,"42,5",87,55,"28,4","69,4784722","87,9245556","0,19","0,05",река Амбарная ниже бон правый берег,
А777,21.06.2020,15:55,16:03,69,28,"11,6",87,55,"58,3","69,4698889","87,9328611","0,31","0,05",между бонами в районе лагеря ЛАРН реки Амбарная,
